tconst,primaryTitle,startYear,genres
tt0112948,The Elven Bride,1995,\N
tt0160838,Sex House,1995,\N
tt0189259,Dôkyûsei 2,1996,\N
tt0288948,Expedición sex,2001,"Adult,Reality-TV"
tt0296375,Marilyn,2000,"Adult,Comedy,Documentary"
tt0300799,Lysthuset,2000,\N
tt0332890,Expedición sex 2,2002,\N
tt0343312,Star Whores,2000,\N
tt0344625,Biker Annie,1999,\N
tt0348971,Nicole's Lucky Dip,2000,\N
tt0348980,Planet Nadia,2002,\N
tt0348997,Sam Gets Her Girl,2001,\N
tt0349012,Sunday Sport Stunnas,2000,\N
tt0349025,Titney Spheres: How I Shagged My Way to the Top,2000,\N
tt0350455,Shagnasty and Muttley,1996,\N
tt0355141,Superdick,1995,\N
tt0358876,SX:TV Live,2001,\N
tt0369277,Bible Black,2001,\N
tt0372704,Porn Idol,2002,\N
tt0375441,Sam Gets It All,2002,\N
tt0376393,Expedición sex 3,2003,"Adult,Reality-TV"
tt0387766,Porn Academy,2004,\N
tt0390766,Secret Video Diary of a Lesbian Nympho,2003,\N
tt0392956,Boner Cam,2001,\N
tt0419350,Maneater,2002,\N
tt0419366,Sexy Sleuth,2004,\N
tt0421433,Private Stars,2004,\N
tt0423616,Banged Up,2000,\N
tt0423638,Department Sex,2000,\N
tt0428185,Wet Palms,2004,"Adult,Comedy,Drama"
tt0441946,Sandy: Agent Provocateur,2005,\N
tt0442877,The Mating Game,2005,\N
tt0442884,Single White Female Seeks,2002,\N
tt0452561,Night Calls Hotline,2004,\N
tt0465780,Big Bummer,2004,\N
tt0470177,The Making of a Madame,2005,\N
tt0471491,Katie's Fantasies,2001,\N
tt0472645,Jo's Sexy College Diaries,2003,\N
tt0473316,Labia Warrior Princess,2001,\N
tt0473320,Sophie's Wet Dreams,2005,\N
tt0476115,Strap-O-Gram: The Next Generation,1999,\N
tt0476933,Pamela Peaks in the Kitchen?!,2004,\N
tt0482029,Me & My Pussy,2003,\N
tt0488064,Dirrty,2003,\N
tt0488686,Elite Sex Companions,2005,\N
tt0499405,Pussy Malone,1997,\N
tt0757074,Down the Dirty Track,2003,\N
tt0759048,The Au Pair,2006,\N
tt0759311,Sordid Secrets,2006,\N
tt0797114,Ally McSqueal,2002,\N
tt0855198,00 Heaven,2001,\N
tt0855328,Class Action,2001,\N
tt0855346,Cum Slingers,2006,\N
tt0877547,Fantasy Night Calls,1998,\N
tt0913454,Abigail's Posh Pussy,2004,\N
tt0918319,Toy Stories,2005,\N
tt10004162,Lesbian Girl on Girl,2012,\N
tt10004564,Housewife 1 on 1,2005,Adult
tt10006368,Naughty Rich Girls,2009,Adult
tt10006526,Amateur Allure,2006,Adult
tt10006668,Swallow Salon,2015,\N
tt10006876,Pornstars Punishment,2008,\N
tt10011790,My Wife's Hot Friend,2008,Adult
tt10023474,My Friend's Hot Mom,2004,\N
tt10029118,Nothing Erotic,2015,"Adult,Short"
tt10029540,Shiroto,2007,\N
tt10040162,ZZ Series,2010,Adult
tt10041972,Moms on Moms,2019,Adult
tt10067808,Home Made Porn,2018,\N
tt10091988,Mea Melone Challenge,2015,"Adult,Comedy,Short"
tt10104840,Interracial Vision,2016,Adult
tt10115826,Teen Erotica,2016,\N
tt10118090,Czech Amateurs,2018,Adult
tt10135268,Nude Art,2012,"Adult,Short"
tt10156490,Hot Guys Fuck,2019,\N
tt10174266,Danny Labito,2018,\N
tt10180404,MILF Thing,2007,\N
tt10204026,Lasublimexxx,2016,Adult
tt10213482,Defloration,2001,Adult
tt10217828,Dreams HD,2013,\N
tt10264218,Young Throats,2006,\N
tt10315044,DefyXXX,2017,\N
tt10316360,Exposed Russian GFs,2013,"Adult,Short"
tt10332478,I Fuck Cams,2013,\N
tt10342462,Upskirt Jerk,2014,\N
tt10349262,Loka Blazhenstva,2013,"Adult,Short"
tt10361096,Executioner & Friend,2015,"Adult,Animation,Comedy"
tt10391782,Tranny Temptation,2013,\N
tt10391900,Waitress POV,2019,\N
tt10394776,Stabbed In The Back,2016,\N
tt10411268,Arteya,2017,\N
tt10447374,LunaLove-,2015,Adult
tt10463970,My Daughter's Hot Friend,2004,"Adult,Short"
tt10471066,Blow Bang Girls,2015,Adult
tt10493590,Joey's FeetGirls,2012,\N
tt10519874,Bratty Foot Girls,2011,Adult
tt10545388,Swallowed,2016,\N
tt10550610,True Anal,2017,Adult
tt10556018,Nympho,2018,Adult
tt10593268,Camp Chaos,2019,Adult
tt10599776,AV Idolz,2009,Adult
tt10638894,Videoboys,2008,Adult
tt10644266,Noir Male,2018,\N
tt10644318,NextDoorStudios,2004,\N
tt10666574,House of Fyre,2017,\N
tt10670268,Forky: The Series,2018,\N
tt10731470,Tushy RAW,2018,Adult
tt10758530,Blowjob Ninjas,2007,Adult
tt10789686,Magmafilm,2012,\N
tt10794974,Foot Mode Mixed Fights,2008,"Adult,Sport"
tt10804418,Deeper,2018,\N
tt10820372,Luv Wave,2000,\N
tt10857388,Czech Cabins,2013,\N
tt10874000,Higharch Queen,2019,\N
tt10881272,The Goddess Amara,2018,\N
tt10884280,Ala's Feet,2016,Adult
tt10885588,Loren Love,2016,\N
tt10886354,Beckys BadAss Clips4Sale,2017,\N
tt10887778,Princess Kaii,2017,Adult
tt10905636,Producers Fun,2017,Adult
tt10906074,CookieBoggino,2018,\N
tt10910572,Giantess Avenue,2016,\N
tt10919136,Mile High Mikayla,2007,Adult
tt10922008,Scarlett Lush Humiliatrix,2012,Adult
tt10931862,Shemale Strokers,2002,Adult
tt10934296,Dyked,2016,\N
tt10939800,An Angel in Blue,2019,\N
tt10943996,Hung Shemales,2014,Adult
tt10967588,Jolie and Friends,2016,\N
tt10968416,Glamour-Bitch,2010,Adult
tt10973038,Skylabitch,2012,\N
tt10974030,Foot Guy James Footjobs,2019,Adult
tt10983524,Bonnie-Stylez,2015,Adult
tt11013116,Bedroom Bondage,2006,\N
tt11026604,Fun-Size Boys,2019,\N
tt11026690,Family Dick,2017,\N
tt11027494,Fallen Feet,2019,Adult
tt11038562,Fake Hostel,2017,\N
tt11052360,JessicaJonesbae,2017,\N
tt11073568,Eroge! ~ H mo gemu mo kaihatsu zanmai ~,2011,"Adult,Animation"
tt11091592,NubilesET,2018,Adult
tt11106838,SweetyX,2017,\N
tt11115960,Goddess Gabriela,2019,\N
tt11120962,Men Are Slaves,2009,Adult
tt11126150,Corbin Fisher,2003,Adult
tt11127938,Detention Girls,2019,Adult
tt11142126,My Family Pies,2017,Adult
tt11149954,Teen Curves,2013,\N
tt11178166,X Angels,2013,Adult
tt11185568,Tranny Pack,2007,Adult
tt11186666,HayleeLove,2017,Adult
tt11187042,MissArcana,2019,\N
tt11190936,Backroom Casting Couch,2007,Adult
tt11222764,Bondage Junkies,2011,Adult
tt11223348,JustFor.Fans: Adam Russo and Jake Nicola,2018,Adult
tt11237844,Québec Productions,2015,Adult
tt11271320,Meana Wolf,2014,Adult
tt11317034,Natalie Darling,2018,"Adult,Short"
tt11317172,Goddess Amy Fetish Store,2016,\N
tt11322580,Porn Star Experience (VR),2017,\N
tt11336346,TGirls.XXX,2011,\N
tt11342052,Czech VR Fetish,2016,Adult
tt11342862,Wifey's World,2012,Adult
tt11367764,Spingebill Fat Pants,2007,\N
tt11372186,Mistress Jaily,2019,\N
tt11382490,Shoplyfter,2016,Adult
tt11389208,18eighteen,2007,\N
tt11389220,1by-Day,2004,Adult
tt11391732,Bitch Confessions,2012,\N
tt11394570,Girlcore,2018,Adult
tt11398846,Gonzo,2012,\N
tt11407660,Hot Legs and Feet,2001,Adult
tt11410196,Hairy Twatter,2011,Adult
tt11416616,Broken Babes,2019,\N
tt11416632,Broken Teens,2019,Adult
tt11417728,VR Bangers,2016,Adult
tt11430366,Behind Friends,2018,\N
tt11438868,FuckerMate,2013,Adult
tt11444134,Bang! Real Teens,2018,\N
tt11453712,The Medical Files,2012,\N
tt11453968,Live Naughty Nurse,2009,\N
tt11454256,Live Naughty Teacher,2009,\N
tt11457072,Live Gym Cam,2009,Adult
tt11457084,Live Naughty Student,2009,\N
tt11457092,Live Party Girl,2009,Adult
tt11457124,Live Naughty Secretary,2009,\N
tt11457278,Tori Black Official Site,2009,\N
tt11463850,When Girls Play,2011,Adult
tt11466230,We fuck black girls,2018,\N
tt11469098,Tigger Rosey,2016,Adult
tt11472198,Infieles,2017,\N
tt11481268,Pierre Woodman,2009,\N
tt11481408,LilHumpers,2016,Adult
tt11488090,Pimp Mummy Returns,2010,\N
tt11495326,Giorgio Grandi,2015,\N
tt11496032,Pimp Mummy,2009,\N
tt11510700,Fakehub Originals,2017,Adult
tt11519034,Butch Dixon,2008,Adult
tt11523198,My First Sex Teacher,2003,\N
tt11525688,PurgatoryX,2018,Adult
tt11535896,Gay Law Office,2019,Adult
tt11539868,My Sister's Hot Friend,2004,\N
tt11548214,FTV Girls,2002,\N
tt11551680,Fast Times,2004,\N
tt11559612,TS Virtual Lovers,2017,Adult
tt11572782,Cherry Pimps,2004,Adult
tt11581550,Explicite Art,2002,Adult
tt11596200,Neighbor Affair,2006,"Adult,Romance"
tt11629560,WankzVR,2016,\N
tt11631258,Penny Pax Live,2016,Adult
tt11655896,Teens Love Money,2014,Adult
tt11662446,First Class POV,2010,"Adult,Romance"
tt11668838,DFP Productions,2009,\N
tt11678758,Tamed Teens,2006,\N
tt11685460,Mom's Money,2019,Adult
tt11695516,Giorgio's Lab,2015,Adult
tt11697518,Vitaly Uncensored,2018,\N
tt11701662,Hard Porn World,2018,Adult
tt11702022,Mia Khalifa,2015,Adult
tt11703914,Tarra White,2015,\N
tt11704168,Sineplex SOS,2014,\N
tt11704190,First Gape,2013,Adult
tt11704280,No Rest for the Ass,2016,\N
tt11705842,GG,2013,Adult
tt11710064,Omar Galanti Productions,2013,Adult
tt11710086,American Anal,2017,\N
tt11710124,Focus,2017,Adult
tt11710152,Hairy Gonzo,2013,\N
tt11713566,Grooby Girls,2002,Adult
tt11714246,Mofos B Sides,2013,\N
tt11714358,Joymii,2010,\N
tt11714982,Raw Fuck Club,2009,Adult
tt11715112,Jock Pussy,2016,Adult
tt11715120,Pride Studios,2001,\N
tt11717996,My Wife Is My Pornstar,2015,\N
tt11719360,Jason Sparks,2012,\N
tt11719378,BarebackThatHole,2010,Adult
tt11725730,College Dudes,2007,Adult
tt11725752,Reality Dudes,2016,\N
tt11725756,Badpuppy,1996,Adult
tt11735620,Mr. POV,2009,\N
tt11735726,The Dick Suckers,2010,Adult
tt11741964,Casting Couch Teens,2005,\N
tt11743964,Exxxtra Small,2012,\N
tt11744080,Horny Hostel,2018,Adult
tt11753238,Trans at Play,2013,Adult
tt11762904,Spank Monster,2018,\N
tt11764416,Alexis Texas Official Site,2009,Adult
tt11764492,Baberotica,2019,\N
tt11769316,Big Cock Hero,2019,Adult
tt11776236,Panty Hose Studios,2014,\N
tt11778722,Ass Masterpiece,2005,\N
tt11784984,Sweetheart Video,2011,Adult
tt11790324,Trans Taboo,2017,\N
tt11800896,Tranny Hookers,2008,Adult
tt11807270,Massage Rooms,2012,Adult
tt11807298,Dane Jones,2011,Adult
tt11811120,Deviantass,2018,\N
tt11820824,Wrapped in Bondage,2007,\N
tt11833628,Filthy Femdom,2020,Adult
tt11844688,3rd Degree Films,2002,Adult
tt11845854,Touch the Body,2008,\N
tt11858798,Sloppy Girl,2011,\N
tt11864850,Zoliboy,2004,\N
tt11865244,Plastic Mommy,2013,\N
tt11865742,Legalporno,2012,\N
tt11871432,Naughty at Home,2001,\N
tt11872134,Tied Tales,2016,Adult
tt11872298,Filth Syndicate,2018,\N
tt11875882,My Naughty Latin Maid,2003,\N
tt11882604,Busty Adventures,1999,\N
tt11885806,Bring Me a Boy,2019,Adult
tt11885830,Southern Strokes,2009,Adult
tt11891230,18VR,2017,Adult
tt11896286,VR Cosplay X,2016,Adult
tt11912316,Farm to Fork,2019,Adult
tt11939892,Brandheiss,2018,Adult
tt11956164,Pure XXX Films,2014,\N
tt11958164,YesBoobs,2014,Adult
tt11972010,Handjob Harry,2006,\N
tt11980718,Cover My Face,2006,\N
tt11991876,Next Door Twink,2010,\N
tt11992418,Back Seat Bangers,2002,Adult
tt12004524,Adult Film School,2013,"Adult,Reality-TV"
tt12007702,Sperm Suckers,2005,Adult
tt12036918,Daddy's lil Angel,2017,\N
tt12041402,Toe Sucking Guys,2012,Adult
tt12041772,Twinks in Shorts,2015,\N
tt12042850,Veronika Raquel Official Site,2003,\N
tt12043142,Why Not Bi,2018,\N
tt12044880,Pink Visual Pass,2006,\N
tt12047640,Into the Mist,2019,\N
tt1244225,City Hunters,2006,Animation
tt1291914,Naughty Amateur Home Videos,2005,Adult
tt1329988,X Femmes,2008,Adult
tt1346921,Doctor Screw,2006,\N
tt1424080,Night Shift Nurses,2000,\N
tt1542984,Pornostara,2000,\N
tt1568220,Powergirls,2009,"Action,Adult"
tt1610957,The Sex Files: His Makeover,2004,\N
tt1620244,Naughty Amateur Home Videos,1996,\N
tt1768977,Moli trifft...,2010,Adult
tt1846250,Ninisex,2010,\N
tt1957369,Off Bowery,2011,\N
tt2032117,Smokingmonkeyvideos,2008,\N
tt2089895,Babestation,2002,\N
tt2147416,Shebang TV,2011,Adult
tt2148678,Bad Ass Black Babes,2002,\N
tt2192408,Elite TV,2009,Adult
tt2232889,Playboy TV Chat,2011,\N
tt2232933,SeXstar,2005,\N
tt2232939,Sex-shop,2000,Talk-Show
tt2233001,Striptease,2011,\N
tt2240700,Better Than Life,2011,\N
tt2240878,Road Warriors,2010,Adult
tt2291985,Red Light Central TV 1,2010,Adult
tt2301427,Bluebird TV 1,2010,\N
tt2336651,CFNM Show,2008,Adult
tt2367503,Maxmen TV,2006,\N
tt2527562,Public Disgrace,2008,\N
tt2542832,The Iron Lady Garden,2012,\N
tt2566946,Tight Rider,2012,"Action,Adult"
tt2584546,Sherlock Bones,2012,Adult
tt2642156,Babeworld TV,2006,\N
tt2707868,Cum Dine with Me,2012,Adult
tt2717818,Chavving It by the Sea,2012,\N
tt2763218,XXXpanded TV,2013,Adult
tt2783376,A Onna E Onna,1997,"Adult,Talk-Show"
tt2960666,Chijoku shinsatsushitsu,2003,\N
tt3002924,Outside the Box,2013,Adult
tt3140110,Lara's World of Uniforms,2010,Adult
tt3159198,This Porn Life,2010,\N
tt3194200,Haze Her,2011,\N
tt3369214,Amantres,2013,\N
tt3443142,She's Gonna Squirt,2012,\N
tt3532002,Dark Shell: Ori no Naka no Namameki,2003,\N
tt3532012,Virgin Touch,2002,"Adult,Animation,Short"
tt3758628,Friends with Benefits Street,2014,Adult
tt3804560,Clothed Female Nude Male,2013,\N
tt3977910,Sex and Submission,2005,\N
tt3981826,Whipped Ass,2001,Adult
tt3981836,Hogtied,1998,\N
tt3981852,Everything Butt,2009,\N
tt4075366,Public Bang,2014,Adult
tt4147878,Adán y Eva España,2014,\N
tt4151188,Girl Next Door Bondage,2006,Adult
tt4157632,Moms in Control,2014,Adult
tt4203398,Aische-pervers,2007,\N
tt4203508,House of Taboo,2005,\N
tt4203604,Hot and Mean,2009,\N
tt4203642,Lelu Love,2010,Adult
tt4206808,Pure CFNM,2005,\N
tt4211484,Device Bondage,2007,\N
tt4219832,Tonight's Girlfriend,2011,\N
tt4220204,Femdom Empire,2011,\N
tt4229034,Wired Pussy,2002,Adult
tt4229046,Electrosluts,2012,Adult
tt4229056,Water Bondage,2003,\N
tt4229076,Ultimate Surrender,2004,\N
tt4229150,TS Seduction,2007,\N
tt4229214,TS Pussy Hunters,2012,Adult
tt4229222,The Upper Floor,2009,Adult
tt4229238,The Training of O,2007,Adult
tt4229248,Sadistic Rope,2013,\N
tt4229478,Men in Pain,2003,\N
tt4229494,Kink University,2014,\N
tt4229518,Hardcore Gangbang,2012,Adult
tt4229546,Fucking Machines,2000,\N
tt4229582,Foot Worship,2012,\N
tt4229608,Divine Bitches,2009,Adult
tt4229630,Bound Gangbangs,2008,\N
tt4267270,Fake Taxi,2012,\N
tt4267298,Fake Agent UK,2013,\N
tt4269796,Elizabeth Andrews' Office Perils,2010,Adult
tt4269888,Cosplay Babes,2014,Adult
tt4363070,Fetish Pros,2013,\N
tt4364358,Public Pick Ups,2012,Adult
tt4364402,Border Patrol Sex,2014,\N
tt4364462,Stranded Teens,2014,Adult
tt4364478,Real Slut Party,2009,\N
tt4364802,Groundbreakers,2015,\N
tt4378382,Can She Take It,2008,\N
tt4378420,College Bash,2008,\N
tt4379696,Shinrin no Ie,2015,\N
tt4381462,Pissing,2008,\N
tt4381512,Moms Teach Sex,2013,Adult
tt4382286,Drone Hunter,2014,Adult
tt4384468,I Know That Girl,2009,\N
tt4385054,In Gang We Bang,2009,\N
tt4385078,Latina Sex Tapes,2011,\N
tt4387082,On a Dogging Mission,2005,\N
tt4389976,Jim Slip U.K. Street Sluts,2003,Adult
tt4421354,Sex and the Country Lady,2004,Adult
tt4428382,Older Woman Tied,2012,Adult
tt4450490,Laurateen,2012,\N
tt4453904,Dirty Santa,2014,\N
tt4459704,My First Time,2008,Adult
tt4461794,Cum Perfection,2013,\N
tt4474630,Españolas,2012,Adult
tt4513320,We Live Together,2003,Adult
tt4527204,Sexual Disgrace,2014,\N
tt4548272,Lexi Belle Official Site,2009,\N
tt4598086,Czech Hunter,2011,\N
tt4601708,Busted Babysitters,2015,Adult
tt4611904,Helpless Teens,2014,Adult
tt4611964,Real Fucking Couples,2004,Adult
tt4612018,Kink Live,2009,Adult
tt4612108,My First Time Bound,2008,\N
tt4612330,Infernal Restraints,2006,\N
tt4612336,Hardtied,2005,Adult
tt4612350,TopGrl,2009,Adult
tt4612364,Sexually Broken,2012,Adult
tt4612374,Real Time Bondage,2009,\N
tt4616508,Let's Try Anal,2011,Adult
tt4616526,Milfs Like It Black,2010,\N
tt4619288,Lady Voyeurs,2014,Adult
tt4619304,Amateur CFNM,2014,\N
tt4619320,Girls Abuse Guys,2011,\N
tt4619330,Hey Little Dick,2010,\N
tt4629638,Money Talks,2006,Adult
tt4629998,What I Fucking Want,2015,Adult
tt4636826,Anal Rehab,2007,Adult
tt4636836,Bitch Funkers,2006,\N
tt4636856,Booty Back Packers,2008,\N
tt4648754,In the VIP,2000,\N
tt4696552,Dixie's Damsels,2013,\N
tt4794624,Real Ex-Girlfriends,2007,Adult
tt4798554,Round and Brown,2004,Adult
tt4800424,Teen BFF,2008,\N
tt4845656,Throated,2006,\N
tt4854982,Mommy Blows Best,2009,Adult
tt4855116,Naughty Bookworms,2003,\N
tt4855166,Naughty Athletics,2007,\N
tt4855208,Naughty Office,2004,\N
tt4855274,My Dad's Hot Girlfriend,2009,\N
tt4855416,Dirty Wives Club,2010,\N
tt4855468,She's New!,2011,\N
tt4855506,I Have a Wife,2008,Adult
tt4855572,Fantasy Massage,2010,Adult
tt4855620,Twistys,2006,\N
tt4859040,Pervs on Patrol,2010,\N
tt4861262,Babes,2010,\N
tt4862524,Cum Fiesta,2001,Adult
tt4863704,Teens Like It Big,2008,\N
tt4863792,Baby Got Boobs,2004,Adult
tt4863818,Big Tits at School,2007,\N
tt4863852,Big Tits at Work,2006,\N
tt4863936,Mr. Anal,2010,\N
tt4863998,Monsters of Cock,2003,\N
tt4864062,Fuck Team Five,2008,\N
tt4864110,Magical Feet,2009,Adult
tt4864698,Wild on Cam,2010,\N
tt4870212,Teens Do Porn,2013,Adult
tt4875212,Asses in Public,2007,\N
tt4880938,Milking Table,2014,\N
tt4946796,College Rules,2010,\N
tt4991848,My Dirty Hobby: SinaVelvet,2013,\N
tt5028636,Moms Lick Teens,2015,Adult
tt5036756,Strapon Squad,2014,\N
tt5037250,Dancing Bear,2008,\N
tt5044344,Street Blowjobs,2002,\N
tt5080582,Chimera Bondage,2007,\N
tt5080682,House of Gord,2001,\N
tt5095648,BlowJob Fridays,2010,\N
tt5102098,18 Years Old,2006,\N
tt5105172,Whale Tail'n,2007,\N
tt5119610,Brutal Castings,2015,\N
tt5124718,StepMom Lessons,2014,\N
tt5135250,I Am Eighteen,2007,\N
tt5151624,Lesbian Sex City,2008,Adult
tt5154902,Selfgags,2014,Adult
tt5155834,HuCows,2015,\N
tt5156478,Got 2 Pee,2014,\N
tt5161468,Wank It Now,2010,\N
tt5166142,Xev Bellringer,2014,\N
tt5192636,Exploited 18,2008,\N
tt5210034,Smother Sluts,2013,\N
tt5235870,Valkyrie Drive: Mermaid,2015,"Action,Adult,Animation"
tt5238754,Milf Hunter,2000,Adult
tt5287942,Teach Me Fisting,2005,\N
tt5311666,Asshole Fever,2005,Adult
tt5312554,Spankable Terras World of Kink,2015,\N
tt5332018,Slut Zone,2006,Adult
tt5336900,Piss Domination,2015,Adult
tt5351714,Don't Break Me,2015,\N
tt5359400,Czech Casting,2011,Adult
tt5367636,Spanish Glory Hole,2014,Adult
tt5371282,World War XXX,2014,\N
tt5419028,Assylum,2014,Adult
tt5475334,Generation Sex,2008,\N
tt5535988,BFFs,2013,Adult
tt5574672,Anal Overdose,2013,Adult
tt5579616,Mormon Girlz,2014,Adult
tt5646586,Riley Reid Official Site,2015,\N
tt5670758,Pretty Dirty,2016,\N
tt5706484,Plumper Pass,2006,\N
tt5765188,The Sex Factor,2016,\N
tt5786018,Female Fake Taxi,2016,Adult
tt5812444,Toshi densetsu shirizu,2016,\N
tt5833694,Deadly Rain,2015,"Action,Adult"
tt5894632,"Dirty Masseur: What the Client Wants, the Client Gets",2016,\N
tt5915398,JamesDeen.com,2012,\N
tt5917524,Lubed,2016,\N
tt5918870,Gagged Girls,2016,\N
tt5946088,Vixen,2016,\N
tt5952334,Naughty Nerdy,2012,\N
tt5973002,MILF GiGi's Bondage Fantasies,2013,\N
tt5973210,That Pee Girl,2013,Adult
tt5973256,Dixieland Fetish,2011,\N
tt5975674,Naked Kombat,2009,Adult
tt5984382,Born to Be Bound,2009,Adult
tt5984416,Hogcuffed Prison,2010,\N
tt5985958,Serene Isley's Bound Beauties,2010,Adult
tt5988918,Metal Bondage,2009,\N
tt5988928,Fetish Kitsch,2010,\N
tt5988952,Enchantress Sahrye,2014,Adult
tt5988964,Tawney,2015,Adult
tt5989402,Teen Fidelity,2010,\N
tt5989698,Borderland Bound,2013,\N
tt5989884,Superbound,2006,Adult
tt5992112,Porn Fidelity,2003,\N
tt6015816,Naomi St. Claire Official Site,2015,Adult
tt6026584,Moms Bang Teens,2012,Adult
tt6035926,Swimsuit Bondage,2015,Adult
tt6043686,Encuentros cruzados,2013,\N
tt6061278,Big Butts Like It Big,2008,\N
tt6061302,Big Tits in Sports,2008,\N
tt6061326,Big Tits in Uniform,2009,\N
tt6061336,Big Wet Butts,2005,Adult
tt6064134,Brazzers Exxtra,2010,\N
tt6064196,Brazzers Live,2009,Adult
tt6064234,Brazzers Vault,2009,Adult
tt6074380,Mama no okina oppai wa boku no mono shin fechimozaiku,2010,\N
tt6079746,Bukkake!,2005,\N
tt6093024,ShowGuys,2003,Adult
tt6118116,Busty & Real,2006,\N
tt6118126,Bustyz,2006,\N
tt6118138,Butts & Blacks,2006,\N
tt6118146,Day with a Pornstar,2008,Adult
tt6118160,Dirty Masseur,2011,\N
tt6118178,Doctor Adventures,2004,Adult
tt6129756,GF Revenge,2009,Adult
tt6137286,Dare Dorm,2009,\N
tt6139658,Box Truck Sex,2016,Adult
tt6143496,The Sex Scout,2016,Adult
tt6143522,Share My BF,2016,Adult
tt6147164,Crazy College GFs,2013,\N
tt6148162,Guso Milk,2002,Adult
tt6153452,Teens at Work,2008,Adult
tt6153458,She's a Freak,2010,\N
tt6155144,Black GFs,2011,\N
tt6160820,Crazy Asian GF's,2013,\N
tt6164272,Catwalk Poison,2009,\N
tt6199220,Patients Revenge,2016,Adult
tt6199626,Sybian Bound,2016,\N
tt6210736,Catcheye,2010,Adult
tt6211130,Bums Bus,2015,\N
tt6212216,Hot Chicks Big Asses,2006,Adult
tt6214922,Evil Angel,2005,Adult
tt6214954,Pete's Toy Box,2013,\N
tt6215002,Real Wife Stories,2008,\N
tt6221212,Sis Loves Me,2016,Adult
tt6221256,Property Sex,2016,Adult
tt6230710,Tushy,2015,\N
tt6234078,Tiny4k,2014,Adult
tt6234308,Pure Mature,2012,Adult
tt6234322,My Very First Time,2015,Adult
tt6261366,Analized.com,2016,\N
tt6268308,Shiny Bound,2015,\N
tt6268790,Bang Bus,2001,\N
tt6269136,JugFuckers,2004,\N
tt6269178,Milfs Like It Big,2007,Adult
tt6269222,Mommy Got Boobs,2005,Adult
tt6270380,Karibiankyuti,2009,Adult
tt6286304,Mommy's Girl,2014,\N
tt6289134,Brandi Belle Official Site,2006,\N
tt6291246,Cum Clinic,2011,\N
tt6291414,Teens in the Woods,2016,Adult
tt6291438,Teen Creeper,2016,\N
tt6291456,Brutal Pickups,2016,\N
tt6315582,Hussie Pass,2016,\N
tt6346152,Love for Sale 2,2015,Adult
tt6349350,Marie McCray Official Site,2012,"Adult,Short"
tt6354818,Airabumaidirudo,2009,Adult
tt6368552,First Time Auditions,2003,\N
tt6381874,Venus-Lux.com,2012,Adult
tt6383734,Ebony Sex Tapes,2016,Adult
tt6385660,Monster Curves,2007,\N
tt6388080,Sineplex Classic,2010,Adult
tt6397930,Keye Bondage Images,2008,\N
tt6397980,Taylor-Burton,2011,Adult
tt6404260,Penny Show,2008,\N
tt6419216,Larkin Love Official Site,2014,\N
tt6443140,Misstress T. Official Site,2005,\N
tt6443332,GypsyPage,2013,"Adult,Short"
tt6443422,Young-Devotion,2014,\N
tt6443488,Kinky Kicks,2013,Adult
tt6447956,XConfessions,2013,\N
tt6452570,Lexy Roxx Official Site,2015,\N
tt6461280,Kirari,2011,\N
tt6463762,S Model,2009,\N
tt6466932,Big Naturals,2001,\N
tt6472622,Majiwaru Shikiyoku no Yoru ni...,2017,\N
tt6473028,Astro Domina,2012,Adult
tt6476630,Doctor Tushy,2003,\N
tt6484124,Fister Twister,2016,Adult
tt6497686,Public Agent,2012,Adult
tt6574710,Extreme Naturals,2006,Adult
tt6577008,Wives in Pantyhose,2001,\N
tt6584098,40 Inch Plus,2005,\N
tt6584368,Happy Tugs,2010,\N
tt6589280,Captain Stabbin,2002,Adult
tt6593620,Fragile Slave,2016,Adult
tt6594192,Bums Buero,2016,\N
tt6594330,Bondage Orgasms,2004,\N
tt6595116,CFNM Secret,2008,\N
tt6595352,Flower Tucci,2007,Adult
tt6596462,Masked Mayhem,2006,\N
tt6597322,Mega Cock Cravers,2001,\N
tt6599566,8th Street Latinas,2002,Adult
tt6610726,Blue Star,2016,\N
tt6610786,Mike's Apartment,2001,Adult
tt6611034,Mike in Brazil,2000,\N
tt6621924,Lara-CumKitten,2013,Adult
tt6624262,Team Squirt,2006,Adult
tt6634502,Nuru Massage,2009,Adult
tt6634548,Twistys Hard,2007,\N
tt6638128,Pure 18,2007,\N
tt6640190,Extreme Asses,2006,\N
tt6642458,Woodman Casting X,2008,Adult
tt6660204,Dangerous Dongs,2004,Adult
tt6668776,Tranny Surprise,2002,Adult
tt6669116,Sapphic Erotica,2003,\N
tt6670436,VIP Crew,2005,\N
tt6670440,Cum Girls,2004,Adult
tt6684140,Captive Male,2009,\N
tt6693596,Big Tits Boss,2007,\N
tt6696578,MILF Next Door,2005,\N
tt6700574,Black Massive Cocks,2016,Adult
tt6715340,Real Orgasms,2006,Adult
tt6724220,See My Wife,2008,Adult
tt6731770,Euro Sex Parties,2004,Adult
tt6756618,Top Shelf Pussy,2001,\N
tt6757652,Hot Bush,2008,Adult
tt6769314,Hunters Lair,2006,Adult
tt6795570,Girls of Naked,2009,Adult
tt6800994,Teens Love Huge Cocks,2013,\N
tt6803672,Saturday Night Latinas,2008,\N
tt6824492,My First Public,2013,Adult
tt6845698,TheBih,2017,\N
tt6862148,Bopping Babes,2013,\N
tt6864338,MarryFucks,2016,\N
tt6889922,Perfect Teeth,2013,\N
tt6913286,Hostel XXX,2017,Adult
tt6920820,LaForet Girl,2013,Adult
tt6948764,Dominic Wolfe's Gagged Beauties,2007,\N
tt6962796,Post Orgasm,2017,Adult
tt6975718,Eva,2017,\N
tt6993236,Supertight Bondage Challenges,2010,\N
tt6997776,Worship LatexBarbie,2015,\N
tt7000290,My Dirty Hobby: KatiesClub,2015,\N
tt7001202,Pete's Girls,2005,Adult
tt7001408,My Dirty Hobby: NurseSexxxy,2016,\N
tt7002382,Milf Soup,2007,\N
tt7006256,Babbble,2017,\N
tt7006488,Captive Chrissy Marie,2015,\N
tt7015690,Fist Flush,2008,\N
tt7022790,Prettykittymiaos,2015,\N
tt7037808,Beauty and the Senior,2015,Adult
tt7050902,Sketchy Sex,2013,"Adult,Short"
tt7050960,Oldje,2005,Adult
tt7051036,Fraternity X,2011,\N
tt7058306,My Dirty Hobby: NinaXS,2017,Adult
tt7058318,My Dirty Hobby: Gina_Delicious,2017,\N
tt7060648,Slime Wave,2010,Adult
tt7078448,Amateur Canada,2002,\N
tt7091320,Koshoku tsuma korin,2005,\N
tt7098348,Fuzz,2005,\N
tt7098350,Sky Angel,2004,Adult
tt7111092,My Dirty Hobby: MaryHaze,2007,Adult
tt7111344,Gyno-X,2000,Adult
tt7170282,Reddohottojamu,2007,Adult
tt7171652,Gangbang Creampie,2015,\N
tt7171720,Aziani,2002,Adult
tt7197150,St Mackenzie's,2010,Adult
tt7199778,Sneaky Sex,2016,Adult
tt7215948,Girls Gone Pink,2017,Adult
tt7228428,Brazil TGirls XXX,2010,\N
tt7248184,Cinched & Secured,2016,Adult
tt7259770,Hardcore Youth,2016,\N
tt7260058,Dirty Clinic,2005,\N
tt7285622,Sandra Silvers,2007,Adult
tt7286046,Encore,2009,\N
tt7286082,Tora-Tora Platinum,2007,\N
tt7294226,Manko Lovers,2016,\N
tt7304276,My Perfect Harem,2017,\N
tt7309522,TransAngels,2017,Adult
tt7317262,Latina Patrol,2017,\N
tt7319588,KAMIKAZE GIRLS,2006,\N
tt7325106,Premium Bukkake,2016,\N
tt7325598,Scoreland,2007,\N
tt7355200,Virtualia,2005,\N
tt7407336,Virtual Real Trans,2015,\N
tt7416762,Teenikini,2017,\N
tt7418356,Ass Parade,2004,\N
tt7428524,Cosmid,2008,\N
tt7442026,Puta locura,2003,\N
tt7448608,Bad Tow Truck,2015,\N
tt7452368,Slave Mouth,2017,\N
tt7461742,Bikini Crashers,2009,\N
tt7466104,Goldeneye 3DS,2017,"Adventure,Family,Sci-Fi"
tt7466524,CaroCream,2014,Adult
tt7492564,The Obsession,2017,\N
tt7496546,Almost Caught,2015,"Adult,Drama,Romance"
tt7507890,SexPOV.com,2014,\N
tt7520782,KimberLeeLive.com,2016,\N
tt7523066,Pegas Productions,2009,\N
tt7527456,Operation Escort,2017,Adult
tt7535388,The Call Girl,2017,"Adult,Drama"
tt7538500,Crave,2014,\N
tt7541320,Fetish Collection,2005,Adult
tt7557512,Playboy Cyber Girls,2001,"Adult,Documentary,Reality-TV"
tt7557772,Fitness-Maus,2012,\N
tt7558652,Pure Taboo,2017,Adult
tt7559140,Family Strokes,2015,\N
tt7560798,Dupur Thakurpo,2017,\N
tt7562216,Taboo Passions,2016,Adult
tt7584106,DaddysLuder,2012,\N
tt7592366,Bums Besuch,2017,\N
tt7592406,Special Feet Force,2017,\N
tt7592976,Meli-Deluxe,2007,\N
tt7593494,Mira-Grey,2014,\N
tt7593510,MariellaSun,2015,\N
tt7601592,Family Hookups,2017,\N
tt7603440,CaraCum,2010,\N
tt7620432,Goddess Canna,2012,\N
tt7620632,Placebo Heart,2018,\N
tt7621226,Magic Banana,2006,\N
tt7625504,Lucy-Cat,2014,\N
tt7633122,Blondehexe,2007,Adult
tt7643458,Casting Couch X,2012,\N
tt7645286,Fake Driving School,2017,\N
tt7646752,Virtual Real Porn,2014,Adult
tt7647154,Mom Knows Best,2016,\N
tt7658156,#LetsDoeIt,2015,Adult
tt7663894,Fake Cop,2015,Adult
tt7666528,Jay's POV,2017,\N
tt7670194,Innocent High,2005,Adult
tt7670370,Families Tied,2016,Adult
tt7683588,Mom Is Horny,2017,\N
tt7689888,Bailey Jay VR,2017,Adult
tt7715312,Bukkake Jukujo,2004,Adult
tt7715402,RK Prime,2016,Adult
tt7721488,BeaYork,2017,Adult
tt7755316,Daynia,2013,Adult
tt7771836,Blacked,2014,\N
tt7775222,Missmia,2013,\N
tt7813168,All Girl Massage,2009,Adult
tt7813208,Web Young,2013,Adult
tt7817662,Girlsway Originals,2015,\N
tt7826812,Lesbea,2011,\N
tt7844722,Cherryvonfairy,2014,Adult
tt7852734,Hard Bound Girls,2015,Adult
tt7877298,Crowd Bondage,2018,Adult
tt7899088,Cum Blast City,2009,\N
tt7909224,Carne Del Mercado,2015,Adult
tt7920064,Teacher Fucks Teens,2015,Adult
tt7923036,Oye Loca,2007,\N
tt7923696,BadTime Stories,2016,Adult
tt7923860,Briella's Brutal Bondage Boutique,2012,\N
tt7933924,Brendas Bound Bondage Addictions,2011,\N
tt7936460,The FunHouse Girls,2012,Adult
tt7961822,AmateurEuro: Casting Francais,2017,\N
tt7961852,The White Boxxx,2016,\N
tt7967692,Chicas Loca,2015,\N
tt7984756,Fellatio Japan,2013,Adult
tt7991870,Dark X,2015,\N
tt7992270,HD Love,2012,Adult
tt7997282,Submissived,2015,\N
tt7997694,Black Ambush,2017,\N
tt8002418,Spy Fam,2017,Adult
tt8006184,Fall in Lovia,2016,\N
tt8013622,Glove Mansion,2007,\N
tt8014850,A Girl Knows,2015,Adult
tt8015142,XXX Shades,2015,Adult
tt8015164,Relaxxxed,2015,Adult
tt8015232,La Novice,2015,\N
tt8015286,La Cochonne,2015,Adult
tt8026322,Blue Pill Men,2015,Adult
tt8035630,My Teen Oasis,2015,\N
tt8047122,Hookup Hotshot,2015,Adult
tt8047144,Black is Better,2015,\N
tt8048466,Female Agent,2012,Adult
tt8074602,Killergram,2010,\N
tt8075266,Mark's Head Bobbers Hand Jobbers,2011,\N
tt8085744,Blacked Raw,2017,\N
tt8118740,Brazzers Series: Exclusive High End Adult Productions,2010,Adult
tt8119368,Pornstars Like It Big,2008,Adult
tt8119436,Xander's World Tour,2018,\N
tt8119456,The Exxxceptions,2017,\N
tt8119462,Brazzers House 2,2017,Adult
tt8119480,A Brazzers Christmas Special,2016,\N
tt8173952,Intergalactic Sluts,2015,\N
tt8223904,Burning Angel,2008,\N
tt8258626,Teen Pies,2013,\N
tt8262846,Skinz Erotica,2010,Adult
tt8264554,Mad Eddie and Thomas,2018,Adult
tt8273256,2 Chicks Same Time,2008,\N
tt8273282,Not So Innocent Teens,2008,\N
tt8278172,XXX Multimedia,2014,\N
tt8281190,Trans500.com,2004,\N
tt8285028,Hard X,2013,\N
tt8285048,Lesbian X,2017,Adult
tt8295026,BangBros 18,2013,\N
tt8295332,Bang POV,2015,Adult
tt8295336,Ho in Headlights,2014,Adult
tt8295350,Bangbros Clips,2007,\N
tt8295360,Stepmom Videos,2014,Adult
tt8295370,Big Mouthfuls,2003,\N
tt8295388,Pornstar Spa,2011,\N
tt8295400,Facial Fest,2008,\N
tt8309548,Erotica X,2013,\N
tt8318652,Bonus Hole Boys,2014,Adult
tt8321230,Load My Mouth,2006,\N
tt8348318,Blacks on Blondes,2002,Adult
tt8350136,Hunters Handcuffed Hotties,2007,\N
tt8363944,Manojob,2005,\N
tt8390314,Gagged Dreams,2015,Adult
tt8499422,Tora-Tora Gold,2007,\N
tt8501736,Colombia Fuck Fest,2013,\N
tt8526096,Hairy Jocks,2001,"Adult,Drama"
tt8528626,BangBros Remastered,2011,\N
tt8537308,Boob Squad,2002,\N
tt8541850,Big Tits Round Asses,2003,\N
tt8550326,Latina Rampage,2009,\N
tt8566114,Ball Honeys,2005,Adult
tt8567392,Brown Bunnies,2010,Adult
tt8568276,Chongas,2012,\N
tt8580580,Party of 3,2011,\N
tt8586328,Taboo Handjobs,2017,Adult
tt8586568,Family Therapy,2014,\N
tt8586754,Step Siblings Caught,2015,\N
tt8589844,Anal-Pantyhose,2015,Adult
tt8590126,Wow Girls,2011,Adult
tt8590474,MILF Lessons,2004,Adult
tt8590506,Sexart,2012,\N
tt8590878,Jerky Girls,2004,\N
tt8591668,Tug Jobs,2003,\N
tt8598564,Mr CamelToe,2005,\N
tt8614978,Living with Anna,2010,\N
tt8618286,Nubile Films,2012,"Adult,Romance"
tt8627718,Glory Hole Loads,2013,Adult
tt8633912,Backroom MILF,2008,Adult
tt8637252,Teen Hitchhikers,2010,Adult
tt8637296,Contortionist,2010,Adult
tt8637356,Dorm Invasion,2012,Adult
tt8637692,Gigi's Sex Circus,2014,\N
tt8637746,Reality Gang,2015,Adult
tt8645838,Only Teen Blowjobs,2006,\N
tt8650698,Big Tit Cream Pie,2008,\N
tt8668122,Virtual Real Japan,2018,Adult
tt8671188,Interracial Pass,2005,\N
tt8672078,Big Sausage Pizza,2010,Adult
tt8676876,Daughter Swap,2016,\N
tt8717278,Penthouse,2005,Adult
tt8727508,Working Latinas,2007,Adult
tt8734014,Public Violations,2010,\N
tt8736450,PlayDaddy,2004,\N
tt8740764,Teenage Delinquents,2010,\N
tt8741680,Eros Exotica,2013,\N
tt8748058,Naughtymag,2006,Adult
tt8751074,My Dirty Maid,2014,Adult
tt8767954,Kelly Madison,2000,Adult
tt8768144,X-Art,2011,\N
tt8778554,Back Room Facials,2011,Adult
tt8780184,Can He Score?,2008,\N
tt8784032,AD4X,2013,\N
tt8788272,Drawn-Hentai,2008,\N
tt8813294,Anal Teen Angels,2008,Adult
tt8817242,Kinky Angels,2013,\N
tt8817264,Freshmen,2016,\N
tt8826832,Cum Kitchen,2017,\N
tt8826898,Princess Cum,2016,\N
tt8826940,Shamed Sluts,2017,\N
tt8830904,1000 Facials,2005,\N
tt8835212,Secret Anima,1997,"Adult,Animation"
tt8841458,Double View Casting,2010,\N
tt8850482,Internet Creeper,2018,Adult
tt8855892,Girls Under Arrest,2018,Adult
tt8879354,Newbie Black,2008,Adult
tt8883400,Cum4k,2018,\N
tt8892558,My Life in Brazil,2009,Adult
tt8906148,DDF Busty,2004,Adult
tt8929630,Bad Milfs,2016,Adult
tt8929652,Facial Kings,2017,\N
tt8932538,Baebz,2016,\N
tt8932578,BrutalX,2015,\N
tt8965464,Narcos X,2017,\N
tt8999546,Restricted Senses,2014,\N
tt9054664,Gyno Lesbians,2014,Adult
tt9060190,Fucking Awesome,2017,\N
tt9061862,New Girl POV,2015,Adult
tt9071104,Nanny Spy,2017,Adult
tt9074714,Sean Cody,2001,Adult
tt9081168,TheMysteriousMrEnter,2013,\N
tt9105350,Teens Love Anal,2015,Adult
tt9136122,SinfulXXX,2015,\N
tt9163678,Aletta Ocean Live,2017,\N
tt9178430,Brutal Sessions,2018,Adult
tt9261882,Shot Her First,2018,\N
tt9262602,Gloryhole-initiations,2003,\N
tt9270588,Japan Lust,2002,\N
tt9288224,POV Pornstars,2018,Adult
tt9288478,Interracial POVs,2018,Adult
tt9289322,Rae Lil Black's Rough Taxi Sex,2018,Adult
tt9341024,Itadaki! Seieki,2014,Adult
tt9353816,Mofos Old School,2008,\N
tt9402188,Southern Bukkake,2003,Adult
tt9437602,Nubiles Porn,2013,Adult
tt9455034,Oh! Mother,2018,"Adult,Comedy,Drama"
tt9458840,Nubiles,2004,\N
tt9462072,Czech Streets,2013,\N
tt9464158,21Naturals,2012,\N
tt9465050,Tony Houston Bondage Paranoia,2011,Adult
tt9466976,TeenMegaWorld,2014,\N
tt9471448,Love Her Feet,2017,Adult
tt9475878,Lane Sisters,2012,\N
tt9480752,CockyBoys,2007,\N
tt9480768,Rylsky Art,2012,"Adult,Short"
tt9480774,The MEN,2011,\N
tt9480832,Heavy on Hotties,2012,\N
tt9482958,Anal Beauty,2013,Adult
tt9483068,Dirty Coach,2013,\N
tt9483122,First BGG,2009,\N
tt9483126,Teen Sex Mania,2008,\N
tt9483142,TMW VR Net,2016,\N
tt9483154,Tricky Masseur,2010,Adult
tt9483160,Teen Sex Movs,2006,Adult
tt9483192,Beauty Angels,2010,\N
tt9483554,First Anal Quest,2008,Adult
tt9483776,Elegant Raw,2014,\N
tt9485056,Tricky Old Teacher,2008,\N
tt9485336,18 Close Up,2007,\N
tt9485396,21FootArt,2013,\N
tt9487454,Taissia Shanti,2016,\N
tt9495334,1 by Day,2001,\N
tt9497256,Anal Teen Club,2014,\N
tt9497290,Butt Plays,2012,\N
tt9497306,Gapeland,2010,\N
tt9497316,Lez Cuties,2005,Adult
tt9497336,Pix and Video,2003,Adult
tt9498918,All Fine Girls,2006,\N
tt9501700,Ultra Films,2017,Adult
tt9501712,Wow Porn,2012,Adult
tt9501914,All Internal,2003,Adult
tt9501928,Ass Traffic,2003,Adult
tt9501940,Give Me Pink,2004,Adult
tt9502126,Hands on Hardcore,2002,Adult
tt9502134,Only Blowjob,2002,Adult
tt9502158,Sex Video Casting,2009,\N
tt9502164,Euro Teen Erotica,2008,\N
tt9505236,College Fuck Parties,2008,Adult
tt9505280,Pickup Fuck,2007,\N
tt9505304,Hard Fuck Girls,2010,\N
tt9505342,HD Massage Porn,2011,\N
tt9505376,The Art Porn,2013,Adult
tt9505550,Seksoholiczki,2013,Adult
tt9506058,Bratty Sis,2017,\N
tt9507056,Lucas Entertainment,1998,\N
tt9507082,Dylan Lucas,2012,\N
tt9510632,Karup's Private Collection,2001,Adult
tt9511828,Los Consoladores,2016,Adult
tt9511842,My Naughty Album,2016,Adult
tt9511850,Exposed Casting,2017,Adult
tt9511868,Wake up 'n Fuck,2010,\N
tt9513030,TS Playground,2012,\N
tt9518184,Viv Thomas,1999,\N
tt9522620,Trash Bag Bondage,2012,"Adult,Short"
tt9523110,Elegant Anal,2014,\N
tt9525956,Filthy Family,2018,\N
tt9526606,Slaves in Love,2006,\N
tt9529278,Make Him Cuckold,2013,\N
tt9529298,Young Courtesans,2010,\N
tt9529330,Tricky Agent,2013,\N
tt9529400,Sell Your GF,2010,\N
tt9529568,Russian Mistress,2000,\N
tt9529584,Under Feet,2003,\N
tt9529644,Brutal Facesitting,2006,\N
tt9529682,Submissive Cuckolds,2010,\N
tt9529818,Teens Analyzed,2011,\N
tt9531954,Girls Like Facesitting,2013,"Adult,Short"
tt9532104,Girls Like Feet,2014,"Adult,Short"
tt9532386,Girls Like Pee,2013,"Adult,Short"
tt9532462,Girls Like Spit,2013,\N
tt9532676,Jeans Get Wet,2011,\N
tt9532764,Jeans Lesbians,2011,"Adult,Short"
tt9532840,Jeans Lezdom,2011,"Adult,Short"
tt9532854,Jeans Orgasm,2011,"Adult,Short"
tt9532996,Subspace Land,2006,Adult
tt9534570,Spanking Them,2013,Adult
tt9535408,Mad Upskirt,2012,\N
tt9535988,Young Sex Parties,2009,\N
tt9538224,Real Agent,2017,\N
tt9538816,VIPissy,2013,Adult
tt9539150,We Like to Suck,2012,\N
tt9539278,Wet and Pissy,2012,Adult
tt9539430,Simply Anal,2015,\N
tt9539980,Wet and Puffy,2009,\N
tt9543984,Old and Young Lesbians,2008,\N
tt9546508,Virtual Taboo,2015,\N
tt9546894,Try Anal Fisting,2012,\N
tt9551612,Gag Hoes,2013,\N
tt9551630,Pee Hunters,2001,"Adult,Short"
tt9551696,Cuties in Tights,2005,"Adult,Short"
tt9551738,Panty Job,2011,"Adult,Short"
tt9554332,Psycho Henessy,2016,\N
tt9554512,Queen Kira,2016,\N
tt9554614,Sasha Rose,2017,\N
tt9554746,Nataly Gold,2016,\N
tt9562430,Brutal Invasion,2012,\N
tt9562492,Try Teens,2004,\N
tt9562574,Teen Anal Casting,2012,Adult
tt9567862,Brutal Dildos,2003,Adult
tt9573262,Bruce Venture,2015,\N
tt9577870,Twisted Art,2017,Adult
tt9578258,Mint Erotica,2017,\N
tt9578830,Sugarcookie,2014,"Adult,Short"
tt9584852,Mugur Porn,2016,\N
tt9584898,Immoral Live,2011,\N
tt9585268,Club Seventeen,2000,\N
tt9586048,Legshow Online,2013,\N
tt9588494,Class Blowjob,2012,\N
tt9588540,Fake Agent,2011,\N
tt9589674,Fedorov HD,2010,\N
tt9590106,In the Crack,2001,\N
tt9590586,MPL Studios,2003,"Adult,Short"
tt9590714,Lovenia Lux,2016,\N
tt9592842,QueenParis,2011,\N
tt9592888,Miss Noel Knight,2011,\N
tt9597432,Skirt no Naka wa Kedamono Deshita.,2017,"Adult,Animation,Romance"
tt9600916,Jukujo kurabu,2008,Adult
tt9627258,Alexandra-Wett,2016,\N
tt9637048,Wild Massage!,2010,\N
tt9643632,JennyJoy,2015,Adult
tt9652904,Sapphic Secrets,2010,\N
tt9663660,GAGmeANNE,2018,\N
tt9666274,Assablanca,2017,\N
tt9673616,Girls Try Anal,2014,\N
tt9675780,Cum for Cover,2007,Adult
tt9690170,XL Girls,2007,\N
tt9692120,CasualTeenSex,2013,\N
tt9708298,Sex Tape Lesbians,2014,\N
tt9719846,Hollyrope,2014,Adult
tt9755748,Eroticious,2018,"Adult,Short"
tt9757242,She Devils!,2010,Adult
tt9804496,Bryci,2009,\N
tt9831200,AnnabelMassina,2010,\N
tt9865418,Missionary Boys,2013,\N
tt9871732,UK Naked Men,2006,Adult
tt9896636,Spermastudio,2010,\N
tt9910522,Tricky Spa,2014,Adult
tt9915708,Atkexotics,2013,\N
